mode,batch_size,runs,n_predictions,throughput_predictions_per_second,mean_latency_ms,p50_latency_ms,p95_latency_ms,p99_latency_ms
fastapi_batch,1,10,10,7.956552082514013,125.68258080000305,120.00569999997879,165.03775059998134,169.27001571997152
fastapi_batch,8,10,80,69.28585867680938,115.46367690002626,103.76350800004275,176.27197280003193,205.98944576006943
fastapi_batch,32,10,320,266.6727834738186,119.99724749991856,115.46218499995575,136.4885132998893,138.17143625985182
fastapi_batch,128,10,1280,877.7281987595328,145.8310216999962,141.12695549999899,189.19373505009386,202.08654141005354
fastapi_batch,512,10,5120,3521.1462420372022,145.40719550000176,138.05226550005045,191.9658498999524,210.56038917993646
