mode,concurrency,n_requests,successful_requests,error_rate,mean_latency_ms,p50_latency_ms,p95_latency_ms,p99_latency_ms,throughput_requests_per_second
fastapi_concurrent,1,200,200,0.0,147.89049928503573,143.95452350026972,184.77160884981458,206.0624696997364,6.739033604941493
fastapi_concurrent,5,200,200,0.0,539.1839242150127,532.6947055004894,628.9559671494771,688.3764487695951,8.8078314254623
fastapi_concurrent,10,200,200,0.0,1074.9240603900034,1070.258309500332,1221.4715321497351,1275.429279149357,8.878168151637814
fastapi_concurrent,25,200,200,0.0,2637.2468372199774,2678.4637525001926,2860.9760810501025,2904.7735994698996,8.947059630595307
fastapi_concurrent,50,200,200,0.0,4802.706592869981,4859.288852000191,5925.195027349946,6003.433347930586,8.521584191539182
