n_predictions,mean_latency_ms,p50_latency_ms,p95_latency_ms,p99_latency_ms,throughput_predictions_per_second,mode,batch_size
1000,53.979781340999295,45.128212000008716,84.70402009999415,133.76688854997434,18.444972791065872,local_single,1
1,55.09387699999024,55.09387699999024,55.09387699999024,55.09387699999024,18.15083734259938,local_batch,1
8,44.82989299998508,44.82989299998508,44.82989299998508,44.82989299998508,178.45235544065793,local_batch,8
32,45.20505499999672,45.20505499999672,45.20505499999672,45.20505499999672,707.8854344940477,local_batch,32
128,74.83842999999979,74.83842999999979,74.83842999999979,74.83842999999979,1710.3512192866735,local_batch,128
512,54.350582999973085,54.350582999973085,54.350582999973085,54.350582999973085,9420.322133439739,local_batch,512
1000,54.294105999986186,54.294105999986186,54.294105999986186,54.294105999986186,18418.20546783208,local_batch,1000
